file	run_accession	experiment_accession	sample_name	fastq_url	fastq_md5	fastq_bytes	letture_deposito	letture_forward
SRR5336316_SP15_R1.fastq.gz	SRR5336316	SRX2633738	SP15	https://ftp.sra.ebi.ac.uk/vol1/fastq/SRR533/006/SRR5336316/SRR5336316.fastq.gz	20d1e182ad8033bf08300682f7f95fb1	13073187	142306	71153
SRR5336317_SP14_R1.fastq.gz	SRR5336317	SRX2633739	SP14	https://ftp.sra.ebi.ac.uk/vol1/fastq/SRR533/007/SRR5336317/SRR5336317.fastq.gz	a4a84e8190e168aa017b592fe9b532cd	15435314	174210	87105
SRR5336318_SP13_R1.fastq.gz	SRR5336318	SRX2633740	SP13	https://ftp.sra.ebi.ac.uk/vol1/fastq/SRR533/008/SRR5336318/SRR5336318.fastq.gz	7cc016810828f1bb943c2da0b91c2194	12648527	146834	73417
SRR5336319_SP12_R1.fastq.gz	SRR5336319	SRX2633741	SP12	https://ftp.sra.ebi.ac.uk/vol1/fastq/SRR533/009/SRR5336319/SRR5336319.fastq.gz	7fd34a59149bf10642b2dbeb291e78c3	10997297	123992	61996
SRR5336320_SP11_R1.fastq.gz	SRR5336320	SRX2633742	SP11	https://ftp.sra.ebi.ac.uk/vol1/fastq/SRR533/000/SRR5336320/SRR5336320.fastq.gz	8eded7be5ade517de9eb5116f32a6c83	13087604	151572	75786
SRR5336321_SP10_R1.fastq.gz	SRR5336321	SRX2633743	SP10	https://ftp.sra.ebi.ac.uk/vol1/fastq/SRR533/001/SRR5336321/SRR5336321.fastq.gz	b005d0c898031e1ab0b9d8e2a39a36f8	11143275	127358	63679
SRR5336322_SP9_R1.fastq.gz	SRR5336322	SRX2633744	SP9	https://ftp.sra.ebi.ac.uk/vol1/fastq/SRR533/002/SRR5336322/SRR5336322.fastq.gz	89d58623a8a952e55d0ba29043bb5b00	6352950	70978	35489
SRR5336323_SP8_R1.fastq.gz	SRR5336323	SRX2633745	SP8	https://ftp.sra.ebi.ac.uk/vol1/fastq/SRR533/003/SRR5336323/SRR5336323.fastq.gz	3596f29ac3b6cdd00d62bed51e9f9c0a	17746621	210846	105423
SRR5336324_SP7_R1.fastq.gz	SRR5336324	SRX2633746	SP7	https://ftp.sra.ebi.ac.uk/vol1/fastq/SRR533/004/SRR5336324/SRR5336324.fastq.gz	f279835dc14edab690d7ec2e69c67a2d	13374253	154782	77391
SRR5336325_SP6_R1.fastq.gz	SRR5336325	SRX2633747	SP6	https://ftp.sra.ebi.ac.uk/vol1/fastq/SRR533/005/SRR5336325/SRR5336325.fastq.gz	6f9921c55eccd10753dd7d6e7f461ac2	15800176	176532	88266
SRR5336326_SP5_R1.fastq.gz	SRR5336326	SRX2633748	SP5	https://ftp.sra.ebi.ac.uk/vol1/fastq/SRR533/006/SRR5336326/SRR5336326.fastq.gz	7f541c0db443119deb351fa9f134de93	15531576	180352	90176
SRR5336327_SP4_R1.fastq.gz	SRR5336327	SRX2633749	SP4	https://ftp.sra.ebi.ac.uk/vol1/fastq/SRR533/007/SRR5336327/SRR5336327.fastq.gz	cd6ef020686d45363eef6e5cbdcf3b11	17111720	190596	95298
SRR5336328_SP3_R1.fastq.gz	SRR5336328	SRX2633750	SP3	https://ftp.sra.ebi.ac.uk/vol1/fastq/SRR533/008/SRR5336328/SRR5336328.fastq.gz	3e9b6b77a082614c3ee3978553281328	17686004	183744	91872
SRR5336329_SP2_R1.fastq.gz	SRR5336329	SRX2633751	SP2	https://ftp.sra.ebi.ac.uk/vol1/fastq/SRR533/009/SRR5336329/SRR5336329.fastq.gz	19786e6280db692bbb05dd4c0aa24107	9512271	95800	47900
SRR5336330_SP1_R1.fastq.gz	SRR5336330	SRX2633752	SP1	https://ftp.sra.ebi.ac.uk/vol1/fastq/SRR533/000/SRR5336330/SRR5336330.fastq.gz	ae2208970a35406c8e2cdc9557e45289	15343638	153248	76624
