parametro	valore	esito	campioni_conservati	campioni_che_cambiano	varianti_finali	jaccard_con_la_corrente	letture_conservate	letture_rispetto_alla_corrente	esclusi_per_profondita	varianti_rimosse_prevalenza	contaminanti_rimossi	letture_biologici_rimosse_come_contaminanti	modello_soglia	piastre_con_ripiego	soglie_per_piastra	nota
katharoseq.target_sensitivity	0.7	completata	697	205	1540	0.8647	22663111	1.0689	61	9122	759	0.0491	per_piastra	1, 2, 3, 4, 6, 7, 8, 9	1: 1000; 2: 1000; 3: 1000; 4: 1000; 5: 6284; 6: 1000; 7: 1000; 8: 1000; 9: 1000; 10: 14061	
katharoseq.target_sensitivity	0.75	completata	671	179	1619	0.8997	22576646	1.0648	88	9043	759	0.0491	per_piastra	1, 2, 3, 4, 6, 7, 8	1: 1000; 2: 1000; 3: 1000; 4: 1000; 5: 6663; 6: 1000; 7: 1000; 8: 1000; 9: 8531; 10: 14962	
katharoseq.target_sensitivity	0.8	completata	580	88	1676	0.9384	22048971	1.0399	182	8986	759	0.0491	per_piastra	1, 2, 3, 4	1: 1000; 2: 1000; 3: 1000; 4: 1000; 5: 7127; 6: 11562; 7: 12884; 8: 27878; 9: 9323; 10: 16074	
katharoseq.target_sensitivity	0.85	completata	560	68	1660	0.9370	21840454	1.0301	202	9002	759	0.0491	per_piastra	1, 2, 3, 4	1: 1000; 2: 1000; 3: 1000; 4: 1000; 5: 7738; 6: 13969; 7: 15828; 8: 33168; 9: 10394; 10: 17542	
katharoseq.target_sensitivity	0.9	completata	492	0	1753	1.0000	21202825	1.0000	278	8909	759	0.0491	per_piastra	1, 2	1: 1000; 2: 1000; 3: 9984; 4: 6376; 5: 8642; 6: 18063; 7: 20948; 8: 41968; 9: 12034; 10: 19727	corrente
katharoseq.target_sensitivity	0.95	completata	450	42	1709	0.9749	20116186	0.9488	320	8953	759	0.0491	per_piastra	1, 2	1: 1000; 2: 1000; 3: 12480; 4: 8105; 5: 10360; 6: 27763; 7: 33513; 8: 62071; 9: 15320; 10: 23916	
decontam.threshold	0.1	completata	492	0	1991	0.8805	21680062	1.0225	278	9274	136	0.0020	per_piastra	1, 2	1: 1000; 2: 1000; 3: 9984; 4: 6376; 5: 8642; 6: 18063; 7: 20948; 8: 41968; 9: 12034; 10: 19727	
decontam.threshold	0.2	completata	492	0	1944	0.9017	21439265	1.0112	278	9103	365	0.0189	per_piastra	1, 2	1: 1000; 2: 1000; 3: 9984; 4: 6376; 5: 8642; 6: 18063; 7: 20948; 8: 41968; 9: 12034; 10: 19727	
decontam.threshold	0.3	completata	492	0	1893	0.9260	21415877	1.0100	278	9032	491	0.0206	per_piastra	1, 2	1: 1000; 2: 1000; 3: 9984; 4: 6376; 5: 8642; 6: 18063; 7: 20948; 8: 41968; 9: 12034; 10: 19727	
decontam.threshold	0.4	completata	492	0	1829	0.9584	21255547	1.0025	278	8946	645	0.0453	per_piastra	1, 2	1: 1000; 2: 1000; 3: 9984; 4: 6376; 5: 8642; 6: 18063; 7: 20948; 8: 41968; 9: 12034; 10: 19727	
decontam.threshold	0.5	completata	492	0	1753	1.0000	21202825	1.0000	278	8909	759	0.0491	per_piastra	1, 2	1: 1000; 2: 1000; 3: 9984; 4: 6376; 5: 8642; 6: 18063; 7: 20948; 8: 41968; 9: 12034; 10: 19727	corrente
decontam.threshold	0.6	completata	492	0	1632	0.9310	21122378	0.9962	278	8892	898	0.0537	per_piastra	1, 2	1: 1000; 2: 1000; 3: 9984; 4: 6376; 5: 8642; 6: 18063; 7: 20948; 8: 41968; 9: 12034; 10: 19727	
decontam.threshold	0.7	completata	492	0	1540	0.8785	21084498	0.9944	278	8150	1777	0.0576	per_piastra	1, 2	1: 1000; 2: 1000; 3: 9984; 4: 6376; 5: 8642; 6: 18063; 7: 20948; 8: 41968; 9: 12034; 10: 19727	
prev.min_fraction	0.005	completata	492	0	2179	0.8045	21230741	1.0013	278	8483	759	0.0491	per_piastra	1, 2	1: 1000; 2: 1000; 3: 9984; 4: 6376; 5: 8642; 6: 18063; 7: 20948; 8: 41968; 9: 12034; 10: 19727	
prev.min_fraction	0.01	completata	492	0	1753	1.0000	21202825	1.0000	278	8909	759	0.0491	per_piastra	1, 2	1: 1000; 2: 1000; 3: 9984; 4: 6376; 5: 8642; 6: 18063; 7: 20948; 8: 41968; 9: 12034; 10: 19727	corrente
prev.min_fraction	0.015	completata	492	0	1439	0.8209	21171310	0.9985	278	9223	759	0.0491	per_piastra	1, 2	1: 1000; 2: 1000; 3: 9984; 4: 6376; 5: 8642; 6: 18063; 7: 20948; 8: 41968; 9: 12034; 10: 19727	
prev.min_fraction	0.02	completata	492	0	1291	0.7365	21149651	0.9975	278	9371	759	0.0491	per_piastra	1, 2	1: 1000; 2: 1000; 3: 9984; 4: 6376; 5: 8642; 6: 18063; 7: 20948; 8: 41968; 9: 12034; 10: 19727	
prev.min_fraction	0.025	completata	492	0	1151	0.6566	21105891	0.9954	278	9511	759	0.0491	per_piastra	1, 2	1: 1000; 2: 1000; 3: 9984; 4: 6376; 5: 8642; 6: 18063; 7: 20948; 8: 41968; 9: 12034; 10: 19727	
prev.min_fraction	0.03	completata	492	0	1070	0.6104	21082665	0.9943	278	9592	759	0.0491	per_piastra	1, 2	1: 1000; 2: 1000; 3: 9984; 4: 6376; 5: 8642; 6: 18063; 7: 20948; 8: 41968; 9: 12034; 10: 19727	
prev.min_fraction	0.05	completata	492	0	792	0.4518	20972942	0.9892	278	9870	759	0.0491	per_piastra	1, 2	1: 1000; 2: 1000; 3: 9984; 4: 6376; 5: 8642; 6: 18063; 7: 20948; 8: 41968; 9: 12034; 10: 19727	fuori dalla griglia di decisione
modalita' di decontaminazione	aggregata	completata	492	0	1753	1.0000	21202825	1.0000	278	8909	759	0.0491	per_piastra	1, 2	1: 1000; 2: 1000; 3: 9984; 4: 6376; 5: 8642; 6: 18063; 7: 20948; 8: 41968; 9: 12034; 10: 19727	corrente
modalita' di decontaminazione	per piastra, minimum	arresto in S12 con E-S12-02											per_piastra	1, 2	1: 1000; 2: 1000; 3: 9984; 4: 6376; 5: 8642; 6: 18063; 7: 20948; 8: 41968; 9: 12034; 10: 19727	
modalita' di decontaminazione	per piastra, minimum	completata	489	3	1134	0.6320	12757037	0.6017	278	9154	1138	0.4419	per_piastra	1, 2	1: 1000; 2: 1000; 3: 9984; 4: 6376; 5: 8642; 6: 18063; 7: 20948; 8: 41968; 9: 12034; 10: 19727	diagnostica: qc.max_frac_contaminant sospeso, non candidata
modalita' di decontaminazione	per piastra, fisher	completata	492	0	1895	0.9160	21587534	1.0181	278	9334	167	0.0213	per_piastra	1, 2	1: 1000; 2: 1000; 3: 9984; 4: 6376; 5: 8642; 6: 18063; 7: 20948; 8: 41968; 9: 12034; 10: 19727	
