parametro	da	a	varianti	campioni	letture
katharoseq.target_sensitivity	0.7	0.75	0.0500	0.0338	0.0041
katharoseq.target_sensitivity	0.75	0.8	0.0595	0.1182	0.0249
katharoseq.target_sensitivity	0.8	0.85	0.0095	0.0260	0.0098
katharoseq.target_sensitivity	0.85	0.9	0.0630	0.0883	0.0301
katharoseq.target_sensitivity	0.9	0.95	0.0251	0.0545	0.0512
decontam.threshold	0.1	0.2	0.0236	0.0000	0.0114
decontam.threshold	0.2	0.3	0.0262	0.0000	0.0011
decontam.threshold	0.3	0.4	0.0338	0.0000	0.0076
decontam.threshold	0.4	0.5	0.0416	0.0000	0.0025
decontam.threshold	0.5	0.6	0.0690	0.0000	0.0038
decontam.threshold	0.6	0.7	0.0564	0.0000	0.0018
prev.min_fraction	0.005	0.01	0.1955	0.0000	0.0013
prev.min_fraction	0.01	0.015	0.1791	0.0000	0.0015
prev.min_fraction	0.015	0.02	0.1028	0.0000	0.0010
prev.min_fraction	0.02	0.025	0.1084	0.0000	0.0021
prev.min_fraction	0.025	0.03	0.0704	0.0000	0.0011
